{"is_source_file": true, "format": "JavaScript (mongosh script)", "description": "This file initializes MongoDB collections, creates indexes, and seeds sample data for the express delivery system. It sets up collections like users, deliveries, tracking_events, and notifications, along with their respective indexes and some default seed data, ensuring idempotency.", "external_files": ["db_connection.txt"], "external_methods": ["db.getCollectionInfos", "db.createCollection", "db.getCollection", "users.createIndex", "deliveries.createIndex", "trackingEvents.createIndex", "notifications.createIndex", "users.findOneAndUpdate", "users.findOne", "deliveries.findOneAndUpdate", "deliveries.findOne", "trackingEvents.updateOne", "notifications.updateOne"], "published": ["main"], "classes": [], "methods": [{"name": "main", "description": "Main function that initializes collections, indexes, and seeds data for the database."}, {"name": "ensureCollection(name)", "scope": "", "scopeKind": "", "description": "unavailable"}], "calls": ["db.getCollectionInfos", "db.createCollection", "db.getCollection", "users.createIndex", "deliveries.createIndex", "trackingEvents.createIndex", "notifications.createIndex", "users.findOneAndUpdate", "users.findOne", "deliveries.findOneAndUpdate", "deliveries.findOne", "trackingEvents.updateOne", "notifications.updateOne"], "search-terms": ["init_collections_and_seed", "MongoDB schema init", "seeding deliver system data", "index creation delivery system", "MongoDB seed scripts", "MongoDB collections setup"], "state": 2, "file_id": 8, "knowledge_revision": 18, "git_revision": "724d48366dd1f5dfc10a489a3e336adc618339c4", "ctags": [{"_type": "tag", "name": "collections", "path": "/home/kavia/workspace/code-generation/express-delivery-management-system-314154-314166/database/scripts/init_collections_and_seed.mongosh.js", "pattern": "/^  const collections = {$/", "language": "JavaScript", "kind": "class"}, {"_type": "tag", "name": "courierEmail", "path": "/home/kavia/workspace/code-generation/express-delivery-management-system-314154-314166/database/scripts/init_collections_and_seed.mongosh.js", "pattern": "/^  const courierEmail = \"courier@example.com\";$/", "language": "JavaScript", "kind": "constant"}, {"_type": "tag", "name": "courierId", "path": "/home/kavia/workspace/code-generation/express-delivery-management-system-314154-314166/database/scripts/init_collections_and_seed.mongosh.js", "pattern": "/^  const courierId = courierUpsert?._id || users.findOne({ email: courierEmail })._id;$/", "language": "JavaScript", "kind": "constant"}, {"_type": "tag", "name": "courierUpsert", "path": "/home/kavia/workspace/code-generation/express-delivery-management-system-314154-314166/database/scripts/init_collections_and_seed.mongosh.js", "pattern": "/^  const courierUpsert = users.findOneAndUpdate($/", "language": "JavaScript", "kind": "constant"}, {"_type": "tag", "name": "customerEmail", "path": "/home/kavia/workspace/code-generation/express-delivery-management-system-314154-314166/database/scripts/init_collections_and_seed.mongosh.js", "pattern": "/^  const customerEmail = \"customer@example.com\";$/", "language": "JavaScript", "kind": "constant"}, {"_type": "tag", "name": "customerId", "path": "/home/kavia/workspace/code-generation/express-delivery-management-system-314154-314166/database/scripts/init_collections_and_seed.mongosh.js", "pattern": "/^  const customerId = customerUpsert?._id || users.findOne({ email: customerEmail })._id;$/", "language": "JavaScript", "kind": "constant"}, {"_type": "tag", "name": "customerUpsert", "path": "/home/kavia/workspace/code-generation/express-delivery-management-system-314154-314166/database/scripts/init_collections_and_seed.mongosh.js", "pattern": "/^  const customerUpsert = users.findOneAndUpdate($/", "language": "JavaScript", "kind": "constant"}, {"_type": "tag", "name": "deliveries", "path": "/home/kavia/workspace/code-generation/express-delivery-management-system-314154-314166/database/scripts/init_collections_and_seed.mongosh.js", "pattern": "/^    deliveries: \"deliveries\",$/", "language": "JavaScript", "kind": "property", "scope": "collections", "scopeKind": "class"}, {"_type": "tag", "name": "delivery", "path": "/home/kavia/workspace/code-generation/express-delivery-management-system-314154-314166/database/scripts/init_collections_and_seed.mongosh.js", "pattern": "/^  const delivery = deliveryUpsert || deliveries.findOne({ seedMarker: deliveryMarker });$/", "language": "JavaScript", "kind": "constant"}, {"_type": "tag", "name": "deliveryId", "path": "/home/kavia/workspace/code-generation/express-delivery-management-system-314154-314166/database/scripts/init_collections_and_seed.mongosh.js", "pattern": "/^    deliveryId,$/", "language": "JavaScript", "kind": "field", "scope": "event1", "scopeKind": "class"}, {"_type": "tag", "name": "deliveryId", "path": "/home/kavia/workspace/code-generation/express-delivery-management-system-314154-314166/database/scripts/init_collections_and_seed.mongosh.js", "pattern": "/^    deliveryId,$/", "language": "JavaScript", "kind": "field", "scope": "event2", "scopeKind": "class"}, {"_type": "tag", "name": "deliveryId", "path": "/home/kavia/workspace/code-generation/express-delivery-management-system-314154-314166/database/scripts/init_collections_and_seed.mongosh.js", "pattern": "/^  const deliveryId = delivery._id;$/", "language": "JavaScript", "kind": "constant"}, {"_type": "tag", "name": "deliveryMarker", "path": "/home/kavia/workspace/code-generation/express-delivery-management-system-314154-314166/database/scripts/init_collections_and_seed.mongosh.js", "pattern": "/^  const deliveryMarker = \"seed_delivery_1\";$/", "language": "JavaScript", "kind": "constant"}, {"_type": "tag", "name": "deliveryUpsert", "path": "/home/kavia/workspace/code-generation/express-delivery-management-system-314154-314166/database/scripts/init_collections_and_seed.mongosh.js", "pattern": "/^  const deliveryUpsert = deliveries.findOneAndUpdate($/", "language": "JavaScript", "kind": "constant"}, {"_type": "tag", "name": "ensureCollection", "path": "/home/kavia/workspace/code-generation/express-delivery-management-system-314154-314166/database/scripts/init_collections_and_seed.mongosh.js", "pattern": "/^  function ensureCollection(name) {$/", "language": "JavaScript", "kind": "function", "signature": "(name)"}, {"_type": "tag", "name": "event1", "path": "/home/kavia/workspace/code-generation/express-delivery-management-system-314154-314166/database/scripts/init_collections_and_seed.mongosh.js", "pattern": "/^  const event1 = {$/", "language": "JavaScript", "kind": "constant"}, {"_type": "tag", "name": "event2", "path": "/home/kavia/workspace/code-generation/express-delivery-management-system-314154-314166/database/scripts/init_collections_and_seed.mongosh.js", "pattern": "/^  const event2 = {$/", "language": "JavaScript", "kind": "constant"}, {"_type": "tag", "name": "notifications", "path": "/home/kavia/workspace/code-generation/express-delivery-management-system-314154-314166/database/scripts/init_collections_and_seed.mongosh.js", "pattern": "/^    notifications: \"notifications\",$/", "language": "JavaScript", "kind": "property", "scope": "collections", "scopeKind": "class"}, {"_type": "tag", "name": "now", "path": "/home/kavia/workspace/code-generation/express-delivery-management-system-314154-314166/database/scripts/init_collections_and_seed.mongosh.js", "pattern": "/^  const now = new Date();$/", "language": "JavaScript", "kind": "constant"}, {"_type": "tag", "name": "tracking_events", "path": "/home/kavia/workspace/code-generation/express-delivery-management-system-314154-314166/database/scripts/init_collections_and_seed.mongosh.js", "pattern": "/^    tracking_events: \"tracking_events\",$/", "language": "JavaScript", "kind": "property", "scope": "collections", "scopeKind": "class"}, {"_type": "tag", "name": "users", "path": "/home/kavia/workspace/code-generation/express-delivery-management-system-314154-314166/database/scripts/init_collections_and_seed.mongosh.js", "pattern": "/^    users: \"users\",$/", "language": "JavaScript", "kind": "property", "scope": "collections", "scopeKind": "class"}], "hash": "fd4ac9cb22dd11bf725abd369b28721e", "format-version": 4, "code-base-name": "database", "filename": "database/scripts/init_collections_and_seed.mongosh.js", "fields": [{"name": "deliveries: \"deliveries\",", "scope": "collections", "scopeKind": "class", "description": "unavailable"}, {"name": "deliveryId,", "scope": "event1", "scopeKind": "class", "description": "unavailable"}, {"name": "notifications: \"notifications\",", "scope": "collections", "scopeKind": "class", "description": "unavailable"}, {"name": "tracking_events: \"tracking_events\",", "scope": "collections", "scopeKind": "class", "description": "unavailable"}, {"name": "users: \"users\",", "scope": "collections", "scopeKind": "class", "description": "unavailable"}], "revision_history": [{"18": "724d48366dd1f5dfc10a489a3e336adc618339c4"}]}