{"is_source_file": true, "format": "bash", "description": "A shell script that detects and backs up different types of databases (SQLite, PostgreSQL, MySQL, MongoDB) based on their presence and availability.", "external_files": ["/usr/lib/postgresql/", "/var/run/mysqld/mysqld.sock"], "external_methods": ["ls", "cp", "sudo -u postgres pg_isready", "sudo mysqladmin ping", "mysqladmin ping", "mysql", "mysqldump", "sudo mysql", "mongosh", "mongodump"], "published": [], "classes": [], "methods": [], "calls": ["ls /usr/lib/postgresql/", "cp", "sudo -u postgres pg_isready", "mysqldump", "mysql", "sudo mysql", "mongosh", "mongodump"], "search-terms": ["database backup script", "detect and backup databases", "SQLite backup", "PostgreSQL backup", "MySQL backup", "MongoDB backup", "multi-database approach", "database existence check", "database port", "database user"], "state": 2, "file_id": 3, "knowledge_revision": 14, "git_revision": "2dbc2f1b01d0e71280f7f4137f9bec7d10f9af16", "hash": "7af9aa35fa4940f934d83f6e2621b732", "format-version": 4, "code-base-name": "database", "filename": "database/backup_db.sh", "revision_history": [{"14": "2dbc2f1b01d0e71280f7f4137f9bec7d10f9af16"}]}