{"is_source_file": true, "format": "bash", "description": "Startup and setup script for managing a MongoDB server, including checks if MongoDB is already running, starting the server if needed, creating users and databases, and exporting environment variables.", "external_files": ["db_connection.txt", "db_visualizer/mongodb.env"], "external_methods": ["mongosh", "pgrep", "lsof", "pkill", "sleep", "cat", "echo", "sudo", "rm", "nohup"], "published": [], "classes": [], "methods": [], "calls": ["mongosh", "pgrep", "lsof", "pkill", "sleep", "cat", "echo", "sudo", "rm", "nohup"], "search-terms": ["MongoDB startup", "database setup", "mongosh", "mongod", "user creation", "database check", "Docker", "service management", "MongoDB port configuration", "bash script"], "state": 2, "file_id": 2, "knowledge_revision": 12, "git_revision": "2dbc2f1b01d0e71280f7f4137f9bec7d10f9af16", "hash": "5c88115ecb130f24ae6bede778a1f58d", "format-version": 4, "code-base-name": "database", "filename": "database/startup.sh", "revision_history": [{"12": "2dbc2f1b01d0e71280f7f4137f9bec7d10f9af16"}]}