{"is_source_file": true, "format": "bash script", "description": "This file is a shell script that automates the restoration of various types of databases (SQLite, PostgreSQL, MySQL, MongoDB) from respective backup files. It detects the backup file present and the status of the database server, then executes the appropriate restore commands.", "external_files": ["database_backup.db", "database_backup.sql", "database_backup.archive"], "external_methods": ["cp", "ls", "sudo -u postgres pg_isready", "psql", "mysqladmin", "mysql", "mongosh", "mongorestore"], "published": [], "classes": [], "methods": [], "calls": ["cp", "ls", "sudo -u postgres pg_isready", "psql", "mysqladmin ping", "mysql", "mongosh --port", "mongosh --eval", "mongorestore --port", "echo"], "search-terms": ["restore_db.sh", "database_restore", "SQLite", "PostgreSQL", "MySQL", "MongoDB", "backup", "restore", "database detection"], "state": 2, "file_id": 4, "knowledge_revision": 13, "git_revision": "2dbc2f1b01d0e71280f7f4137f9bec7d10f9af16", "hash": "67505395c0df4c9c001ab8f47571f3fb", "format-version": 4, "code-base-name": "database", "filename": "database/restore_db.sh", "revision_history": [{"13": "2dbc2f1b01d0e71280f7f4137f9bec7d10f9af16"}]}