{"is_source_file": false, "format": "", "description": "", "external_files": [], "external_methods": [], "published": [], "classes": [], "methods": [], "calls": [], "search-terms": ["HTML", "Database Viewer", "index.html", "dashboard", "frontend UI", "table rendering", "dashboard sidebar", "API endpoints", "JavaScript UI logic"], "state": 2, "file_id": 6, "knowledge_revision": 10, "git_revision": "2dbc2f1b01d0e71280f7f4137f9bec7d10f9af16", "hash": "ee63333a4841bf025439c755a74c9881", "format-version": 4, "code-base-name": "database", "filename": "database/db_visualizer/public/index.html", "revision_history": [{"10": "2dbc2f1b01d0e71280f7f4137f9bec7d10f9af16"}]}