{"is_source_file": false, "format": "", "description": "", "external_files": [], "external_methods": [], "published": [], "classes": [], "methods": [], "calls": [], "search-terms": [], "state": 2, "file_id": 7, "knowledge_revision": 9, "git_revision": "2dbc2f1b01d0e71280f7f4137f9bec7d10f9af16", "hash": "0c9f36dfd1a6dee9fa952c06ab7d9563", "format-version": 4, "code-base-name": "database", "filename": "database/db_visualizer/package.json", "revision_history": [{"9": "2dbc2f1b01d0e71280f7f4137f9bec7d10f9af16"}]}