{"is_source_file": true, "file_id": 8, "git_revision": "", "state": 1, "description": "", "external_files": [], "external_methods": [], "published": [], "classes": [], "methods": [], "calls": [], "search-terms": [], "ctags": [{"_type": "tag", "name": "collections", "path": "/home/kavia/workspace/code-generation/express-delivery-management-system-314154-314166/database/scripts/init_collections_and_seed.mongosh.js", "pattern": "/^  const collections = {$/", "language": "JavaScript", "kind": "class"}, {"_type": "tag", "name": "courierEmail", "path": "/home/kavia/workspace/code-generation/express-delivery-management-system-314154-314166/database/scripts/init_collections_and_seed.mongosh.js", "pattern": "/^  const courierEmail = \"courier@example.com\";$/", "language": "JavaScript", "kind": "constant"}, {"_type": "tag", "name": "courierId", "path": "/home/kavia/workspace/code-generation/express-delivery-management-system-314154-314166/database/scripts/init_collections_and_seed.mongosh.js", "pattern": "/^  const courierId = courierUpsert?._id || users.findOne({ email: courierEmail })._id;$/", "language": "JavaScript", "kind": "constant"}, {"_type": "tag", "name": "courierUpsert", "path": "/home/kavia/workspace/code-generation/express-delivery-management-system-314154-314166/database/scripts/init_collections_and_seed.mongosh.js", "pattern": "/^  const courierUpsert = users.findOneAndUpdate($/", "language": "JavaScript", "kind": "constant"}, {"_type": "tag", "name": "customerEmail", "path": "/home/kavia/workspace/code-generation/express-delivery-management-system-314154-314166/database/scripts/init_collections_and_seed.mongosh.js", "pattern": "/^  const customerEmail = \"customer@example.com\";$/", "language": "JavaScript", "kind": "constant"}, {"_type": "tag", "name": "customerId", "path": "/home/kavia/workspace/code-generation/express-delivery-management-system-314154-314166/database/scripts/init_collections_and_seed.mongosh.js", "pattern": "/^  const customerId = customerUpsert?._id || users.findOne({ email: customerEmail })._id;$/", "language": "JavaScript", "kind": "constant"}, {"_type": "tag", "name": "customerUpsert", "path": "/home/kavia/workspace/code-generation/express-delivery-management-system-314154-314166/database/scripts/init_collections_and_seed.mongosh.js", "pattern": "/^  const customerUpsert = users.findOneAndUpdate($/", "language": "JavaScript", "kind": "constant"}, {"_type": "tag", "name": "deliveries", "path": "/home/kavia/workspace/code-generation/express-delivery-management-system-314154-314166/database/scripts/init_collections_and_seed.mongosh.js", "pattern": "/^    deliveries: \"deliveries\",$/", "language": "JavaScript", "kind": "property", "scope": "collections", "scopeKind": "class"}, {"_type": "tag", "name": "delivery", "path": "/home/kavia/workspace/code-generation/express-delivery-management-system-314154-314166/database/scripts/init_collections_and_seed.mongosh.js", "pattern": "/^  const delivery = deliveryUpsert || deliveries.findOne({ seedMarker: deliveryMarker });$/", "language": "JavaScript", "kind": "constant"}, {"_type": "tag", "name": "deliveryId", "path": "/home/kavia/workspace/code-generation/express-delivery-management-system-314154-314166/database/scripts/init_collections_and_seed.mongosh.js", "pattern": "/^    deliveryId,$/", "language": "JavaScript", "kind": "field", "scope": "event1", "scopeKind": "class"}, {"_type": "tag", "name": "deliveryId", "path": "/home/kavia/workspace/code-generation/express-delivery-management-system-314154-314166/database/scripts/init_collections_and_seed.mongosh.js", "pattern": "/^    deliveryId,$/", "language": "JavaScript", "kind": "field", "scope": "event2", "scopeKind": "class"}, {"_type": "tag", "name": "deliveryId", "path": "/home/kavia/workspace/code-generation/express-delivery-management-system-314154-314166/database/scripts/init_collections_and_seed.mongosh.js", "pattern": "/^  const deliveryId = delivery._id;$/", "language": "JavaScript", "kind": "constant"}, {"_type": "tag", "name": "deliveryMarker", "path": "/home/kavia/workspace/code-generation/express-delivery-management-system-314154-314166/database/scripts/init_collections_and_seed.mongosh.js", "pattern": "/^  const deliveryMarker = \"seed_delivery_1\";$/", "language": "JavaScript", "kind": "constant"}, {"_type": "tag", "name": "deliveryUpsert", "path": "/home/kavia/workspace/code-generation/express-delivery-management-system-314154-314166/database/scripts/init_collections_and_seed.mongosh.js", "pattern": "/^  const deliveryUpsert = deliveries.findOneAndUpdate($/", "language": "JavaScript", "kind": "constant"}, {"_type": "tag", "name": "ensureCollection", "path": "/home/kavia/workspace/code-generation/express-delivery-management-system-314154-314166/database/scripts/init_collections_and_seed.mongosh.js", "pattern": "/^  function ensureCollection(name) {$/", "language": "JavaScript", "kind": "function", "signature": "(name)"}, {"_type": "tag", "name": "event1", "path": "/home/kavia/workspace/code-generation/express-delivery-management-system-314154-314166/database/scripts/init_collections_and_seed.mongosh.js", "pattern": "/^  const event1 = {$/", "language": "JavaScript", "kind": "constant"}, {"_type": "tag", "name": "event2", "path": "/home/kavia/workspace/code-generation/express-delivery-management-system-314154-314166/database/scripts/init_collections_and_seed.mongosh.js", "pattern": "/^  const event2 = {$/", "language": "JavaScript", "kind": "constant"}, {"_type": "tag", "name": "notifications", "path": "/home/kavia/workspace/code-generation/express-delivery-management-system-314154-314166/database/scripts/init_collections_and_seed.mongosh.js", "pattern": "/^    notifications: \"notifications\",$/", "language": "JavaScript", "kind": "property", "scope": "collections", "scopeKind": "class"}, {"_type": "tag", "name": "now", "path": "/home/kavia/workspace/code-generation/express-delivery-management-system-314154-314166/database/scripts/init_collections_and_seed.mongosh.js", "pattern": "/^  const now = new Date();$/", "language": "JavaScript", "kind": "constant"}, {"_type": "tag", "name": "tracking_events", "path": "/home/kavia/workspace/code-generation/express-delivery-management-system-314154-314166/database/scripts/init_collections_and_seed.mongosh.js", "pattern": "/^    tracking_events: \"tracking_events\",$/", "language": "JavaScript", "kind": "property", "scope": "collections", "scopeKind": "class"}, {"_type": "tag", "name": "users", "path": "/home/kavia/workspace/code-generation/express-delivery-management-system-314154-314166/database/scripts/init_collections_and_seed.mongosh.js", "pattern": "/^    users: \"users\",$/", "language": "JavaScript", "kind": "property", "scope": "collections", "scopeKind": "class"}], "format": "JavaScript", "hash": "fd4ac9cb22dd11bf725abd369b28721e", "format-version": 4, "code-base-name": "database", "filename": "database/scripts/init_collections_and_seed.mongosh.js", "knowledge_revision": 16}